-- phpMyAdmin SQL Dump
-- version 4.9.1
-- https://www.phpmyadmin.net/
--
-- Host: 127.0.0.1
-- Generation Time: Jan 26, 2020 at 10:53 PM
-- Server version: 10.4.8-MariaDB
-- PHP Version: 7.3.10

SET SQL_MODE = "NO_AUTO_VALUE_ON_ZERO";
SET AUTOCOMMIT = 0;
START TRANSACTION;
SET time_zone = "+00:00";


/*!40101 SET @OLD_CHARACTER_SET_CLIENT=@@CHARACTER_SET_CLIENT */;
/*!40101 SET @OLD_CHARACTER_SET_RESULTS=@@CHARACTER_SET_RESULTS */;
/*!40101 SET @OLD_COLLATION_CONNECTION=@@COLLATION_CONNECTION */;
/*!40101 SET NAMES utf8mb4 */;

--
-- Database: `mysql1`
--

-- --------------------------------------------------------

--
-- Table structure for table `archives`
--

CREATE TABLE `archives` (
  `FName` varchar(255) NOT NULL,
  `LName` varchar(255) NOT NULL,
  `ID` varchar(9) NOT NULL,
  `Usertype` enum('0','1') NOT NULL,
  `TIME` timestamp NOT NULL DEFAULT current_timestamp()
) ENGINE=InnoDB DEFAULT CHARSET=utf8;

--
-- Dumping data for table `archives`
--

INSERT INTO `archives` (`FName`, `LName`, `ID`, `Usertype`, `TIME`) VALUES
('wwewewa', 'wewwa', '122222233', '0', '2019-08-11 13:12:40'),
('asss', 'aaa', '222263666', '0', '2019-08-11 13:17:17'),
('asss', 'aaa', '888899999', '0', '2019-08-11 13:25:47'),
('ssjjsjs', 'ssss', '999998888', '0', '2019-08-11 13:28:35'),
('wsssss', 'sssss', '333344644', '0', '2019-08-11 13:29:40'),
('aaaaasss', 'aaaaaa', '321492432', '0', '2019-08-11 13:31:23'),
('dfvsdf', 'csvsdfsda', '318289344', '0', '2019-08-11 13:32:34'),
('dsada', 'adffsfsd', '318280377', '0', '2019-08-11 13:33:34'),
('eafadf', 'kh', '318283733', '0', '2019-08-11 13:36:39'),
('asss', 'aaa', '222266666', '0', '2019-08-11 13:39:19'),
('alaa', 'khoury', '172636122', '1', '2019-08-11 13:42:05'),
('alaa', 'khoury', '318280377', '1', '2019-08-12 07:56:19'),
('alaa', 'khoury', '318280388', '1', '2019-08-12 07:56:53'),
('alaa', 'khoury', '318280391', '1', '2019-08-12 07:57:17'),
('alaa', 'khoury', '318280911', '1', '2019-08-12 07:57:54'),
('loayy', 'dsdsdsdsds', '111111111', '1', '2019-08-12 11:18:57'),
('alaa', 'khoury', '222222222', '1', '2019-08-14 20:02:36'),
('', '', '123456789', '0', '2019-08-14 21:14:04'),
('shirin', 'khoury', '222222222', '0', '2019-08-26 00:53:19'),
('shirin', 'khoury', '222222222', '0', '2019-08-26 01:00:51');

-- --------------------------------------------------------

--
-- Table structure for table `backup`
--

CREATE TABLE `backup` (
  `WEB` varchar(255) NOT NULL,
  `backup` date NOT NULL DEFAULT current_timestamp()
) ENGINE=InnoDB DEFAULT CHARSET=utf8;

--
-- Dumping data for table `backup`
--

INSERT INTO `backup` (`WEB`, `backup`) VALUES
('1233456', '2020-01-25');

-- --------------------------------------------------------

--
-- Table structure for table `chat_message`
--

CREATE TABLE `chat_message` (
  `chat_message_id` int(11) NOT NULL,
  `to_user_id` int(11) NOT NULL,
  `from_user_id` int(11) NOT NULL,
  `chat_message` text CHARACTER SET utf8 NOT NULL,
  `timestamp` timestamp NOT NULL DEFAULT current_timestamp(),
  `status` int(1) NOT NULL
) ENGINE=InnoDB DEFAULT CHARSET=latin1;

--
-- Dumping data for table `chat_message`
--

INSERT INTO `chat_message` (`chat_message_id`, `to_user_id`, `from_user_id`, `chat_message`, `timestamp`, `status`) VALUES
(1, 111111111, 318289388, 'היי מה קורה?\n', '2019-08-08 11:02:41', 0),
(2, 111111111, 318289388, 'hiii\nma mtsav?', '2019-08-08 11:03:18', 0),
(3, 111111111, 318289388, 'ddd', '2019-08-08 11:24:35', 0),
(4, 111111111, 318289388, 'ssss', '2019-08-08 11:28:24', 0),
(5, 111111111, 318289388, 'ss', '2019-08-08 11:28:42', 0),
(6, 111111111, 318289388, '', '2019-08-08 11:28:43', 0),
(7, 111111111, 318289388, 'ss', '2019-08-08 11:28:51', 0),
(8, 318289388, 111111111, 'sss', '2019-08-08 20:00:30', 0),
(9, 111122222, 318289388, 'היי\n', '2019-08-08 20:10:07', 0),
(10, 318289388, 111111111, 'dddd', '2019-08-08 20:42:19', 0),
(11, 111111111, 318289388, 'ההההייי', '2019-08-08 20:43:03', 0),
(12, 318289388, 111111111, 'הייי\n', '2019-08-09 11:43:28', 1),
(13, 111122222, 319290399, 'היי\n', '2019-08-14 18:54:56', 1),
(14, 111122222, 123456789, 'הייי\n', '2019-08-15 07:43:49', 1),
(15, 222222222, 321492431, '???', '2020-01-25 18:41:24', 1),
(16, 321492433, 321492431, '???', '2020-01-25 18:41:29', 0),
(17, 321492433, 321492431, '?????', '2020-01-25 18:41:35', 0),
(18, 111111111, 321492433, '???', '2020-01-25 18:41:55', 1),
(19, 111111111, 321492433, 'כככ', '2020-01-25 18:45:12', 1),
(20, 111111111, 321492433, 'גשגדג', '2020-01-25 18:45:14', 1);

-- --------------------------------------------------------

--
-- Table structure for table `cities_students`
--

CREATE TABLE `cities_students` (
  `id_s` varchar(9) NOT NULL,
  `city_s` int(11) NOT NULL
) ENGINE=InnoDB DEFAULT CHARSET=utf8;

--
-- Dumping data for table `cities_students`
--

INSERT INTO `cities_students` (`id_s`, `city_s`) VALUES
('318280377', 2),
('318280377', 3),
('318280377', 4),
('318283733', 1),
('318283733', 2),
('318283733', 3),
('318283733', 4),
('318283733', 5),
('318283733', 6),
('318283733', 7),
('318283733', 8),
('318283733', 9),
('122222233', 1),
('122222233', 2),
('122222233', 24),
('222266666', 1),
('222266666', 2),
('222266666', 24),
('222263666', 1),
('222263666', 2),
('222263666', 24),
('888899999', 7),
('888899999', 8),
('111111112', 1),
('111111112', 2),
('999998888', 1),
('999998888', 2),
('333344644', 18),
('333344644', 19),
('318289344', 1),
('318289344', 2),
('318289344', 3),
('318289344', 4),
('318289344', 5),
('318289344', 6),
('318289344', 7),
('318289344', 8),
('318289344', 9),
('318289344', 10),
('318289344', 11),
('318289344', 12),
('318289344', 13),
('318289344', 14),
('318289344', 15),
('318289344', 16),
('318289344', 17),
('318289344', 18),
('318289344', 19),
('318289344', 20),
('318289344', 21),
('319290399', 1),
('319290399', 2),
('319290399', 3),
('319290399', 4),
('319290399', 5),
('319290399', 6),
('319290399', 7),
('319290399', 8),
('319290399', 9),
('319290399', 10),
('319290399', 11),
('319290399', 12),
('319290399', 13),
('319290399', 14),
('319290399', 15),
('319290399', 16),
('319290399', 17),
('319290399', 18),
('319290399', 19),
('319290399', 20),
('319290399', 21),
('321492432', 1),
('321492432', 2),
('321492432', 3),
('321492432', 4),
('321492432', 5),
('321492432', 6),
('321492432', 7),
('123456789', 1),
('123456789', 2),
('318384855', 1),
('318384855', 2),
('318384855', 3),
('318384855', 4),
('318384855', 5),
('318384855', 6),
('318384855', 7),
('318384855', 8),
('777777777', 2),
('333333333', 1),
('111111111', 1),
('111111111', 1),
('222222222', 1),
('121212121', 1),
('222223333', 1),
('722222222', 2),
('555555555', 2),
('888888888', 1),
('888888888', 1),
('112222222', 2),
('122222222', 2),
('444444444', 2),
('444444444', 21),
('444444444', 36),
('444444444', 36),
('333333331', 8),
('898989898', 1),
('434343434', 2),
('909090909', 1),
('707070707', 3),
('122222222', 1),
('222222222', 2),
('222222222', 2),
('222222222', 1),
('123456789', 1),
('123456789', 2),
('123456789', 5),
('059968796', 2),
('059968796', 3),
('321492431', 2),
('318280399', 1),
('111111111', 2),
('111111111', 1),
('321492433', 2);

-- --------------------------------------------------------

--
-- Table structure for table `cities_teachers`
--

CREATE TABLE `cities_teachers` (
  `Id_te` varchar(9) NOT NULL,
  `city_t` int(11) NOT NULL
) ENGINE=InnoDB DEFAULT CHARSET=utf8;

-- --------------------------------------------------------

--
-- Table structure for table `city`
--

CREATE TABLE `city` (
  `id_c` int(11) NOT NULL,
  `name_c` varchar(256) NOT NULL
) ENGINE=InnoDB DEFAULT CHARSET=utf8;

--
-- Dumping data for table `city`
--

INSERT INTO `city` (`id_c`, `name_c`) VALUES
(1, 'אבו גווייעד שבט       '),
(2, 'אבו גוש                  '),
(3, 'אבו סנאן                 '),
(4, 'אבו סריחאן שבט         '),
(5, 'אבו עבדון שבט          '),
(6, 'אבו עמאר שבט           '),
(7, 'אבו עמרה שבט           '),
(8, 'אבו קורינאת שבט        '),
(9, 'אבו קרינאת יישוב       '),
(10, 'אבו רובייעה שבט        '),
(11, 'אבו רוקייק שבט         '),
(12, 'אבו תלול                 '),
(13, 'אבטין                    '),
(14, 'אבטליון                  '),
(15, 'אביאל                    '),
(16, 'אביבים                   '),
(17, 'אביגדור                  '),
(18, 'אביחיל                   '),
(19, 'אביטל                    '),
(20, 'אביעזר                   '),
(21, 'אבירים                   '),
(22, 'אבן יהודה                '),
(23, 'אבן מנחם                 '),
(24, 'אבן ספיר                 '),
(25, 'אבן שמואל                '),
(26, 'אבני איתן                '),
(27, 'אבני חפץ                 '),
(28, 'אבנת                     '),
(29, 'אבשלום                   '),
(30, 'אדורה                    '),
(31, 'אדירים                   '),
(32, 'אדמית                    '),
(33, 'אדרת                     '),
(34, 'אודים                    '),
(35, 'אודם                     '),
(36, 'אוהד                     '),
(37, 'אום אל-פחם               '),
(38, 'אום אל-קוטוף             '),
(39, 'אום בטין                 '),
(40, 'אומן                     '),
(41, 'אומץ                     '),
(42, 'אופקים                   '),
(43, 'אור הגנוז                '),
(44, 'אור הנר                  '),
(45, 'אור יהודה                '),
(46, 'אור עקיבא                '),
(47, 'אורה                     '),
(48, 'אורות                    '),
(49, 'אורטל                    '),
(50, 'אורים                    '),
(51, 'אורנים                   '),
(52, 'אורנית                   '),
(53, 'אושה                     '),
(54, 'אזור                     '),
(55, 'אחווה                    '),
(56, 'אחוזם                    '),
(57, 'אחוזת ברק                '),
(58, 'אחיהוד                   '),
(59, 'אחיטוב                   '),
(60, 'אחיסמך                   '),
(61, 'אחיעזר                   '),
(62, 'אטרש שבט               '),
(63, 'איבים                    '),
(64, 'אייל                     '),
(65, 'איילת השחר               '),
(66, 'אילון                    '),
(67, 'אילות                    '),
(68, 'אילניה                   '),
(69, 'אילת                     '),
(70, 'אירוס                    '),
(71, 'איתמר                    '),
(72, 'איתן                     '),
(73, 'איתנים                   '),
(74, 'אכסאל                    '),
(75, 'אל סייד                  '),
(76, 'אל-עזי                   '),
(77, 'אל-עריאן                 '),
(78, 'אל-רום                   '),
(79, 'אלומה                    '),
(80, 'אלומות                   '),
(81, 'אלון הגליל               '),
(82, 'אלון מורה                '),
(83, 'אלון שבות                '),
(84, 'אלוני אבא                '),
(85, 'אלוני הבשן               '),
(86, 'אלוני יצחק               '),
(87, 'אלונים                   '),
(88, 'אלי-עד                   '),
(89, 'אליאב                    '),
(90, 'אליכין                   '),
(91, 'אליפז                    '),
(92, 'אליפלט                   '),
(93, 'אליקים                   '),
(94, 'אלישיב                   '),
(95, 'אלישמע                   '),
(96, 'אלמגור                   '),
(97, 'אלמוג                    '),
(98, 'אלעד                     '),
(99, 'אלעזר                    '),
(100, 'אלפי מנשה                '),
(101, 'אלקוש                    '),
(102, 'אלקנה                    '),
(103, 'אמונים                   '),
(104, 'אמירים                   '),
(105, 'אמנון                    '),
(106, 'אמציה                    '),
(107, 'אניעם                    '),
(108, 'אסד שבט                '),
(109, 'אספר                     '),
(110, 'אעבלין                   '),
(111, 'אעצם שבט               '),
(112, 'אפיניש שבט             '),
(113, 'אפיק                     '),
(114, 'אפיקים                   '),
(115, 'אפק                      '),
(116, 'אפרת                     '),
(117, 'ארבל                     '),
(118, 'ארגמן                    '),
(119, 'ארז                      '),
(120, 'אריאל                    '),
(121, 'ארסוף                    '),
(122, 'אשבול                    '),
(123, 'אשבל                     '),
(124, 'אשדוד                    '),
(125, 'אשדות יעקב  איחוד      '),
(126, 'אשדות יעקב  מאוחד      '),
(127, 'אשחר                     '),
(128, 'אשכולות                  '),
(129, 'אשל הנשיא                '),
(130, 'אשלים                    '),
(131, 'אשקלון                   '),
(132, 'אשרת                     '),
(133, 'אשתאול                   '),
(134, 'אתגר                     '),
(135, 'באקה אל-גרביה            '),
(136, 'באר אורה                 '),
(137, 'באר גנים                 '),
(138, 'באר טוביה                '),
(139, 'באר יעקב                 '),
(140, 'באר מילכה                '),
(141, 'באר שבע                  '),
(142, 'בארות יצחק               '),
(143, 'בארותיים                 '),
(144, 'בארי                     '),
(145, 'בוסתן הגליל              '),
(146, 'בועיינה-נוגידאת         '),
(147, 'בוקעאתא                  '),
(148, 'בורגתה                   '),
(149, 'בחן                      '),
(150, 'בטחה                     '),
(151, 'ביצרון                   '),
(152, 'ביר אל-מכסור             '),
(153, 'ביר הדאג                '),
(154, 'ביריה                    '),
(155, 'בית אורן                 '),
(156, 'בית אל                   '),
(157, 'בית אלעזרי               '),
(158, 'בית אלפא                 '),
(159, 'בית אריה                 '),
(160, 'בית ברל                  '),
(161, 'בית גן                  '),
(162, 'בית גוברין               '),
(163, 'בית גמליאל               '),
(164, 'בית דגן                  '),
(165, 'בית הגדי                 '),
(166, 'בית הלוי                 '),
(167, 'בית הלל                  '),
(168, 'בית העמק                 '),
(169, 'בית הערבה                '),
(170, 'בית השיטה                '),
(171, 'בית זיד                  '),
(172, 'בית זית                  '),
(173, 'בית זרע                  '),
(174, 'בית חורון                '),
(175, 'בית חירות                '),
(176, 'בית חלקיה                '),
(177, 'בית חנן                  '),
(178, 'בית חנניה                '),
(179, 'בית חשמונאי              '),
(180, 'בית יהושע                '),
(181, 'בית יוסף                 '),
(182, 'בית ינאי                 '),
(183, 'בית יצחק-שער חפר         '),
(184, 'בית לחם הגלילית          '),
(185, 'בית מאיר                 '),
(186, 'בית נחמיה                '),
(187, 'בית ניר                  '),
(188, 'בית נקופה                '),
(189, 'בית עובד                 '),
(190, 'בית עוזיאל               '),
(191, 'בית עזרא                 '),
(192, 'בית עריף                 '),
(193, 'בית צבי                  '),
(194, 'בית קמה                  '),
(195, 'בית קשת                  '),
(196, 'בית רבן                  '),
(197, 'בית רימון                '),
(198, 'בית שאן                  '),
(199, 'בית שמש                  '),
(200, 'בית שערים                '),
(201, 'בית שקמה                 '),
(202, 'ביתן אהרן                '),
(203, 'ביתר עילית               '),
(204, 'בלפוריה                  '),
(205, 'בן זכאי                  '),
(206, 'בן עמי                   '),
(207, 'בן שמן כפר נוער        '),
(208, 'בן שמן מושב            '),
(209, 'בני ברק                  '),
(210, 'בני דקלים                '),
(211, 'בני דרום                 '),
(212, 'בני דרור                 '),
(213, 'בני יהודה                '),
(214, 'בני נצרים                '),
(215, 'בני עטרות                '),
(216, 'בני עי\"ש                 '),
(217, 'בני ציון                 '),
(218, 'בני ראם                  '),
(219, 'בניה                     '),
(220, 'בנימינה-גבעת עדה         '),
(221, 'בסמ\"ה                    '),
(222, 'בסמת טבעון               '),
(223, 'בענה                     '),
(224, 'בצרה                     '),
(225, 'בצת                      '),
(226, 'בקוע                     '),
(227, 'בקעות                    '),
(228, 'בר גיורא                 '),
(229, 'בר יוחאי                 '),
(230, 'ברוכין                   '),
(231, 'ברור חיל                 '),
(232, 'ברוש                     '),
(233, 'ברכה                     '),
(234, 'ברכיה                    '),
(235, 'ברעם                     '),
(236, 'ברק                      '),
(237, 'ברקאי                    '),
(238, 'ברקן                     '),
(239, 'ברקת                     '),
(240, 'בת הדר                   '),
(241, 'בת חן                    '),
(242, 'בת חפר                   '),
(243, 'בת חצור                  '),
(244, 'בת ים                    '),
(245, 'בת עין                   '),
(246, 'בת שלמה                  '),
(247, 'גדיידה-מכר              '),
(248, 'גולס                    '),
(249, 'גלגוליה                '),
(250, 'גנאביב שבט            '),
(251, 'גסר א-זרקא              '),
(252, 'גש גוש חלב            '),
(253, 'גת                      '),
(254, 'גאולי תימן               '),
(255, 'גאולים                   '),
(256, 'גאליה                    '),
(257, 'גבולות                   '),
(258, 'גבים                     '),
(259, 'גבע                      '),
(260, 'גבע בנימין               '),
(261, 'גבע כרמל                 '),
(262, 'גבעולים                  '),
(263, 'גבעון החדשה              '),
(264, 'גבעות בר                 '),
(265, 'גבעת אבני                '),
(266, 'גבעת אלה                 '),
(267, 'גבעת ברנר                '),
(268, 'גבעת השלושה              '),
(269, 'גבעת זאב                 '),
(270, 'גבעת ח\"ן                 '),
(271, 'גבעת חיים איחוד        '),
(272, 'גבעת חיים מאוחד        '),
(273, 'גבעת יואב                '),
(274, 'גבעת יערים               '),
(275, 'גבעת ישעיהו              '),
(276, 'גבעת כ\"ח                 '),
(277, 'גבעת ניל\"י               '),
(278, 'גבעת עוז                 '),
(279, 'גבעת שמואל               '),
(280, 'גבעת שמש                 '),
(281, 'גבעת שפירא               '),
(282, 'גבעתי                    '),
(283, 'גבעתיים                  '),
(284, 'גברעם                    '),
(285, 'גבת                      '),
(286, 'גדות                     '),
(287, 'גדיש                     '),
(288, 'גדעונה                   '),
(289, 'גדרה                     '),
(290, 'גונן                     '),
(291, 'גורן                     '),
(292, 'גורנות הגליל             '),
(293, 'גזית                     '),
(294, 'גזר                      '),
(295, 'גיאה                     '),
(296, 'גיבתון                   '),
(297, 'גיזו                     '),
(298, 'גילון                    '),
(299, 'גילת                     '),
(300, 'גינוסר                   '),
(301, 'גיניגר                   '),
(302, 'גינתון                   '),
(303, 'גיתה                     '),
(304, 'גיתית                    '),
(305, 'גלאון                    '),
(306, 'גלגל                     '),
(307, 'גליל ים                  '),
(308, 'גלעד אבן יצחק          '),
(309, 'גמזו                     '),
(310, 'גן הדרום                 '),
(311, 'גן השומרון               '),
(312, 'גן חיים                  '),
(313, 'גן יאשיה                 '),
(314, 'גן יבנה                  '),
(315, 'גן נר                    '),
(316, 'גן שורק                  '),
(317, 'גן שלמה                  '),
(318, 'גן שמואל                 '),
(319, 'גנות                     '),
(320, 'גנות הדר                 '),
(321, 'גני הדר                  '),
(322, 'גני טל                   '),
(323, 'גני יוחנן                '),
(324, 'גני מודיעין              '),
(325, 'גני עם                   '),
(326, 'גני תקווה                '),
(327, 'געש                      '),
(328, 'געתון                    '),
(329, 'גפן                      '),
(330, 'גרופית                   '),
(331, 'גשור                     '),
(332, 'גשר                      '),
(333, 'גשר הזיו                 '),
(334, 'גת קיבוץ               '),
(335, 'גת רימון                 '),
(336, 'דאלית אל-כרמל            '),
(337, 'דבורה                    '),
(338, 'דבוריה                   '),
(339, 'דבירה                    '),
(340, 'דברת                     '),
(341, 'דגניה א                 '),
(342, 'דגניה ב                 '),
(343, 'דוב\"ב                    '),
(344, 'דולב                     '),
(345, 'דור                      '),
(346, 'דורות                    '),
(347, 'דחי                      '),
(348, 'דייר אל-אסד              '),
(349, 'דייר חנא                 '),
(350, 'דייר ראפאת               '),
(351, 'דימונה                   '),
(352, 'דישון                    '),
(353, 'דליה                     '),
(354, 'דלתון                    '),
(355, 'דמיידה                   '),
(356, 'דן                       '),
(357, 'דפנה                     '),
(358, 'דקל                      '),
(359, 'דריגאת                  '),
(360, 'האון                     '),
(361, 'הבונים                   '),
(362, 'הגושרים                  '),
(363, 'הדר עם                   '),
(364, 'הוד השרון                '),
(365, 'הודיה                    '),
(366, 'הודיות                   '),
(367, 'הוואשלה שבט            '),
(368, 'הוזייל שבט             '),
(369, 'הושעיה                   '),
(370, 'הזורע                    '),
(371, 'הזורעים                  '),
(372, 'החותרים                  '),
(373, 'היוגב                    '),
(374, 'הילה                     '),
(375, 'המעפיל                   '),
(376, 'הסוללים                  '),
(377, 'העוגן                    '),
(378, 'הר אדר                   '),
(379, 'הר גילה                  '),
(380, 'הר עמשא                  '),
(381, 'הראל                     '),
(382, 'הרדוף                    '),
(383, 'הרצליה                   '),
(384, 'הררית                    '),
(385, 'ורד יריחו                '),
(386, 'ורדון                    '),
(387, 'זבארגה שבט             '),
(388, 'זבדיאל                   '),
(389, 'זוהר                     '),
(390, 'זיקים                    '),
(391, 'זיתן                     '),
(392, 'זכרון יעקב               '),
(393, 'זכריה                    '),
(394, 'זמר                      '),
(395, 'זמרת                     '),
(396, 'זנוח                     '),
(397, 'זרועה                    '),
(398, 'זרזיר                    '),
(399, 'זרחיה                    '),
(400, 'חואלד                   '),
(401, 'חואלד שבט             '),
(402, 'חבצלת השרון              '),
(403, 'חבר                      '),
(404, 'חברון                    '),
(405, 'חגור                     '),
(406, 'חגי                      '),
(407, 'חגלה                     '),
(408, 'חד-נס                    '),
(409, 'חדיד                     '),
(410, 'חדרה                     '),
(411, 'חוגייראת דהרה        '),
(412, 'חולדה                    '),
(413, 'חולון                    '),
(414, 'חולית                    '),
(415, 'חולתה                    '),
(416, 'חוסן                     '),
(417, 'חוסנייה                  '),
(418, 'חופית                    '),
(419, 'חוקוק                    '),
(420, 'חורה                     '),
(421, 'חורפיש                   '),
(422, 'חורשים                   '),
(423, 'חזון                     '),
(424, 'חיבת ציון                '),
(425, 'חיננית                   '),
(426, 'חיפה                     '),
(427, 'חירות                    '),
(428, 'חלוץ                     '),
(429, 'חלמיש                    '),
(430, 'חלץ                      '),
(431, 'חמאם                     '),
(432, 'חמד                      '),
(433, 'חמדיה                    '),
(434, 'חמדת                     '),
(435, 'חמרה                     '),
(436, 'חניאל                    '),
(437, 'חניתה                    '),
(438, 'חנתון                    '),
(439, 'חספין                    '),
(440, 'חפץ חיים                 '),
(441, 'חפצי-בה                  '),
(442, 'חצב                      '),
(443, 'חצבה                     '),
(444, 'חצור הגלילית             '),
(445, 'חצור-אשדוד               '),
(446, 'חצר בארותיים             '),
(447, 'חצרות חולדה              '),
(448, 'חצרות יסף                '),
(449, 'חצרות כ\"ח                '),
(450, 'חצרים                    '),
(451, 'חרב לאת                  '),
(452, 'חרוצים                   '),
(453, 'חריש                     '),
(454, 'חרמש                     '),
(455, 'חרשים                    '),
(456, 'חשמונאים                 '),
(457, 'טבריה                    '),
(458, 'טובא-זנגריה              '),
(459, 'טורעאן                   '),
(460, 'טייבה                    '),
(461, 'טייבה בעמק             '),
(462, 'טירה                     '),
(463, 'טירת יהודה               '),
(464, 'טירת כרמל                '),
(465, 'טירת צבי                 '),
(466, 'טל שחר                   '),
(467, 'טל-אל                    '),
(468, 'טללים                    '),
(469, 'טלמון                    '),
(470, 'טמרה                     '),
(471, 'טמרה יזרעאל            '),
(472, 'טנא                      '),
(473, 'טפחות                    '),
(474, 'יאנוח-גת                '),
(475, 'יבול                     '),
(476, 'יבנאל                    '),
(477, 'יבנה                     '),
(478, 'יגור                     '),
(479, 'יגל                      '),
(480, 'יד בנימין                '),
(481, 'יד השמונה                '),
(482, 'יד חנה                   '),
(483, 'יד מרדכי                 '),
(484, 'יד נתן                   '),
(485, 'יד רמב\"ם                 '),
(486, 'ידידה                    '),
(487, 'יהוד-מונוסון             '),
(488, 'יהל                      '),
(489, 'יובל                     '),
(490, 'יובלים                   '),
(491, 'יודפת                    '),
(492, 'יונתן                    '),
(493, 'יושיביה                  '),
(494, 'יזרעאל                   '),
(495, 'יחיעם                    '),
(496, 'יטבתה                    '),
(497, 'ייט\"ב                    '),
(498, 'יכיני                    '),
(499, 'ינוב                     '),
(500, 'ינון                     '),
(501, 'יסוד המעלה               '),
(502, 'יסודות                   '),
(503, 'יסעור                    '),
(504, 'יעד                      '),
(505, 'יעל                      '),
(506, 'יעף                      '),
(507, 'יערה                     '),
(508, 'יפיע                     '),
(509, 'יפית                     '),
(510, 'יפעת                     '),
(511, 'יפתח                     '),
(512, 'יצהר                     '),
(513, 'יציץ                     '),
(514, 'יקום                     '),
(515, 'יקיר                     '),
(516, 'יקנעם מושבה            '),
(517, 'יקנעם עילית              '),
(518, 'יראון                    '),
(519, 'ירדנה                    '),
(520, 'ירוחם                    '),
(521, 'ירושלים                  '),
(522, 'ירחיב                    '),
(523, 'ירכא                     '),
(524, 'ירקונה                   '),
(525, 'ישע                      '),
(526, 'ישעי                     '),
(527, 'ישרש                     '),
(528, 'יתד                      '),
(529, 'יתיר                     '),
(530, 'כאבול                    '),
(531, 'כאוכב אבו אל-היגא       '),
(532, 'כברי                     '),
(533, 'כדורי                    '),
(534, 'כדיתה                    '),
(535, 'כוכב השחר                '),
(536, 'כוכב יאיר                '),
(537, 'כוכב יעקב                '),
(538, 'כוכב מיכאל               '),
(539, 'כורזים                   '),
(540, 'כחל                      '),
(541, 'כחלה                     '),
(542, 'כיסופים                  '),
(543, 'כישור                    '),
(544, 'כליל                     '),
(545, 'כלנית                    '),
(546, 'כמאנה                    '),
(547, 'כמהין                    '),
(548, 'כמון                     '),
(549, 'כנות                     '),
(550, 'כנף                      '),
(551, 'כנרת מושבה             '),
(552, 'כנרת קבוצה             '),
(553, 'כסיפה                    '),
(554, 'כסלון                    '),
(555, 'כסרא-סמיע                '),
(556, 'כעביה-טבאש-חגאגרה      '),
(557, 'כפר אביב                 '),
(558, 'כפר אדומים               '),
(559, 'כפר אוריה                '),
(560, 'כפר אחים                 '),
(561, 'כפר ביאליק               '),
(562, 'כפר ביל\"ו                '),
(563, 'כפר בלום                 '),
(564, 'כפר בן נון               '),
(565, 'כפר ברא                  '),
(566, 'כפר ברוך                 '),
(567, 'כפר גדעון                '),
(568, 'כפר גלים                 '),
(569, 'כפר גליקסון              '),
(570, 'כפר גלעדי                '),
(571, 'כפר דניאל                '),
(572, 'כפר האורנים              '),
(573, 'כפר החורש                '),
(574, 'כפר המכבי                '),
(575, 'כפר הנגיד                '),
(576, 'כפר הנוער הדתי           '),
(577, 'כפר הנשיא                '),
(578, 'כפר הס                   '),
(579, 'כפר הרא\"ה                '),
(580, 'כפר הרי\"ף                '),
(581, 'כפר ויתקין               '),
(582, 'כפר ורבורג               '),
(583, 'כפר ורדים                '),
(584, 'כפר זוהרים               '),
(585, 'כפר זיתים                '),
(586, 'כפר חב\"ד                 '),
(587, 'כפר חושן                 '),
(588, 'כפר חיטים                '),
(589, 'כפר חיים                 '),
(590, 'כפר חנניה                '),
(591, 'כפר חסידים א            '),
(592, 'כפר חסידים ב            '),
(593, 'כפר חרוב                 '),
(594, 'כפר טרומן                '),
(595, 'כפר יאסיף                '),
(596, 'כפר ידידיה               '),
(597, 'כפר יהושע                '),
(598, 'כפר יונה                 '),
(599, 'כפר יחזקאל               '),
(600, 'כפר יעבץ                 '),
(601, 'כפר כמא                  '),
(602, 'כפר כנא                  '),
(603, 'כפר מונש                 '),
(604, 'כפר מימון                '),
(605, 'כפר מל\"ל                 '),
(606, 'כפר מנדא                 '),
(607, 'כפר מנחם                 '),
(608, 'כפר מסריק                '),
(609, 'כפר מצר                  '),
(610, 'כפר מרדכי                '),
(611, 'כפר נטר                  '),
(612, 'כפר סאלד                 '),
(613, 'כפר סבא                  '),
(614, 'כפר סילבר                '),
(615, 'כפר סירקין               '),
(616, 'כפר עבודה                '),
(617, 'כפר עזה                  '),
(618, 'כפר עציון                '),
(619, 'כפר פינס                 '),
(620, 'כפר קאסם                 '),
(621, 'כפר קיש                  '),
(622, 'כפר קרע                  '),
(623, 'כפר ראש הנקרה            '),
(624, 'כפר רוזנואלד זרעית     '),
(625, 'כפר רופין                '),
(626, 'כפר רות                  '),
(627, 'כפר שמאי                 '),
(628, 'כפר שמואל                '),
(629, 'כפר שמריהו               '),
(630, 'כפר תבור                 '),
(631, 'כפר תפוח                 '),
(632, 'כרי דשא                  '),
(633, 'כרכום                    '),
(634, 'כרם בן זמרה              '),
(635, 'כרם בן שמן               '),
(636, 'כרם יבנה ישיבה         '),
(637, 'כרם מהר\"ל                '),
(638, 'כרם שלום                 '),
(639, 'כרמי יוסף                '),
(640, 'כרמי צור                 '),
(641, 'כרמי קטיף                '),
(642, 'כרמיאל                   '),
(643, 'כרמיה                    '),
(644, 'כרמים                    '),
(645, 'כרמל                     '),
(646, 'לא רשום                  '),
(647, 'לבון                     '),
(648, 'לביא                     '),
(649, 'לבנים                    '),
(650, 'להב                      '),
(651, 'להבות הבשן               '),
(652, 'להבות חביבה              '),
(653, 'להבים                    '),
(654, 'לוד                      '),
(655, 'לוזית                    '),
(656, 'לוחמי הגיטאות            '),
(657, 'לוטם                     '),
(658, 'לוטן                     '),
(659, 'לימן                     '),
(660, 'לכיש                     '),
(661, 'לפיד                     '),
(662, 'לפידות                   '),
(663, 'לקיה                     '),
(664, 'מאור                     '),
(665, 'מאיר שפיה                '),
(666, 'מבוא ביתר                '),
(667, 'מבוא דותן                '),
(668, 'מבוא חורון               '),
(669, 'מבוא חמה                 '),
(670, 'מבוא מודיעים             '),
(671, 'מבואות ים                '),
(672, 'מבועים                   '),
(673, 'מבטחים                   '),
(674, 'מבקיעים                  '),
(675, 'מבשרת ציון               '),
(676, 'מגד אל-כרום             '),
(677, 'מגדל שמס                '),
(678, 'מגאר                     '),
(679, 'מגדים                    '),
(680, 'מגדל                     '),
(681, 'מגדל העמק                '),
(682, 'מגדל עוז                 '),
(683, 'מגדלים                   '),
(684, 'מגידו                    '),
(685, 'מגל                      '),
(686, 'מגן                      '),
(687, 'מגן שאול                 '),
(688, 'מגשימים                  '),
(689, 'מדרך עוז                 '),
(690, 'מדרשת בן גוריון          '),
(691, 'מדרשת רופין              '),
(692, 'מודיעין עילית            '),
(693, 'מודיעין-מכבים-רעות       '),
(694, 'מולדת                    '),
(695, 'מוצא עילית               '),
(696, 'מוקייבלה                 '),
(697, 'מורן                     '),
(698, 'מורשת                    '),
(699, 'מזור                     '),
(700, 'מזכרת בתיה               '),
(701, 'מזרע                     '),
(702, 'מזרעה                    '),
(703, 'מחולה                    '),
(704, 'מחנה הילה                '),
(705, 'מחנה טלי                 '),
(706, 'מחנה יהודית              '),
(707, 'מחנה יוכבד               '),
(708, 'מחנה יפה                 '),
(709, 'מחנה יתיר                '),
(710, 'מחנה מרים                '),
(711, 'מחנה תל נוף              '),
(712, 'מחניים                   '),
(713, 'מחסיה                    '),
(714, 'מטולה                    '),
(715, 'מטע                      '),
(716, 'מי עמי                   '),
(717, 'מיטב                     '),
(718, 'מייסר                    '),
(719, 'מיצר                     '),
(720, 'מירב                     '),
(721, 'מירון                    '),
(722, 'מישר                     '),
(723, 'מיתר                     '),
(724, 'מכורה                    '),
(725, 'מכחול                    '),
(726, 'מכמורת                   '),
(727, 'מכמנים                   '),
(728, 'מלאה                     '),
(729, 'מלילות                   '),
(730, 'מלכיה                    '),
(731, 'מלכישוע                  '),
(732, 'מנוחה                    '),
(733, 'מנוף                     '),
(734, 'מנות                     '),
(735, 'מנחמיה                   '),
(736, 'מנרה                     '),
(737, 'מנשית זבדה               '),
(738, 'מסד                      '),
(739, 'מסדה                     '),
(740, 'מסילות                   '),
(741, 'מסילת ציון               '),
(742, 'מסלול                    '),
(743, 'מסעדה                    '),
(744, 'מסעודין אל-עזאזמה        '),
(745, 'מעברות                   '),
(746, 'מעגלים                   '),
(747, 'מעגן                     '),
(748, 'מעגן מיכאל               '),
(749, 'מעוז חיים                '),
(750, 'מעון                     '),
(751, 'מעונה                    '),
(752, 'מעיליא                   '),
(753, 'מעין ברוך                '),
(754, 'מעין צבי                 '),
(755, 'מעלה אדומים              '),
(756, 'מעלה אפרים               '),
(757, 'מעלה גלבוע               '),
(758, 'מעלה גמלא                '),
(759, 'מעלה החמישה              '),
(760, 'מעלה לבונה               '),
(761, 'מעלה מכמש                '),
(762, 'מעלה עירון               '),
(763, 'מעלה עמוס                '),
(764, 'מעלה שומרון              '),
(765, 'מעלות-תרשיחא             '),
(766, 'מענית                    '),
(767, 'מעש                      '),
(768, 'מפלסים                   '),
(769, 'מצדות יהודה              '),
(770, 'מצובה                    '),
(771, 'מצליח                    '),
(772, 'מצפה                     '),
(773, 'מצפה אבי\"ב               '),
(774, 'מצפה אילן                '),
(775, 'מצפה יריחו               '),
(776, 'מצפה נטופה               '),
(777, 'מצפה רמון                '),
(778, 'מצפה שלם                 '),
(779, 'מצר                      '),
(780, 'מקווה ישראל              '),
(781, 'מרגליות                  '),
(782, 'מרום גולן                '),
(783, 'מרחב עם                  '),
(784, 'מרחביה מושב            '),
(785, 'מרחביה קיבוץ           '),
(786, 'מרכז שפירא               '),
(787, 'משאבי שדה                '),
(788, 'משגב דב                  '),
(789, 'משגב עם                  '),
(790, 'משהד                     '),
(791, 'משואה                    '),
(792, 'משואות יצחק              '),
(793, 'משכיות                   '),
(794, 'משמר איילון              '),
(795, 'משמר דוד                 '),
(796, 'משמר הירדן               '),
(797, 'משמר הנגב                '),
(798, 'משמר העמק                '),
(799, 'משמר השבעה               '),
(800, 'משמר השרון               '),
(801, 'משמרות                   '),
(802, 'משמרת                    '),
(803, 'משען                     '),
(804, 'מתן                      '),
(805, 'מתת                      '),
(806, 'מתתיהו                   '),
(807, 'נאות גולן                '),
(808, 'נאות הכיכר               '),
(809, 'נאות מרדכי               '),
(810, 'נאות סמדר                '),
(811, 'נאעורה                   '),
(812, 'נבטים                    '),
(813, 'נגבה                     '),
(814, 'נגוהות                   '),
(815, 'נהורה                    '),
(816, 'נהלל                     '),
(817, 'נהריה                    '),
(818, 'נוב                      '),
(819, 'נוגה                     '),
(820, 'נווה                     '),
(821, 'נווה אבות                '),
(822, 'נווה אור                 '),
(823, 'נווה אטי\"ב               '),
(824, 'נווה אילן                '),
(825, 'נווה איתן                '),
(826, 'נווה דניאל               '),
(827, 'נווה זוהר                '),
(828, 'נווה זיו                 '),
(829, 'נווה חריף                '),
(830, 'נווה ים                  '),
(831, 'נווה ימין                '),
(832, 'נווה ירק                 '),
(833, 'נווה מבטח                '),
(834, 'נווה מיכאל               '),
(835, 'נווה שלום                '),
(836, 'נועם                     '),
(837, 'נוף איילון               '),
(838, 'נופים                    '),
(839, 'נופית                    '),
(840, 'נופך                     '),
(841, 'נוקדים                   '),
(842, 'נורדיה                   '),
(843, 'נורית                    '),
(844, 'נחושה                    '),
(845, 'נחל עוז                  '),
(846, 'נחלה                     '),
(847, 'נחליאל                   '),
(848, 'נחלים                    '),
(849, 'נחם                      '),
(850, 'נחף                      '),
(851, 'נחשולים                  '),
(852, 'נחשון                    '),
(853, 'נחשונים                  '),
(854, 'נטועה                    '),
(855, 'נטור                     '),
(856, 'נטע                      '),
(857, 'נטעים                    '),
(858, 'נטף                      '),
(859, 'ניין                     '),
(860, 'ניל\"י                    '),
(861, 'ניצן                     '),
(862, 'ניצן ב                  '),
(863, 'ניצנה קהילת חינוך      '),
(864, 'ניצני סיני               '),
(865, 'ניצני עוז                '),
(866, 'ניצנים                   '),
(867, 'ניר אליהו                '),
(868, 'ניר בנים                 '),
(869, 'ניר גלים                 '),
(870, 'ניר דוד תל עמל         '),
(871, 'ניר ח\"ן                  '),
(872, 'ניר יפה                  '),
(873, 'ניר יצחק                 '),
(874, 'ניר ישראל                '),
(875, 'ניר משה                  '),
(876, 'ניר עוז                  '),
(877, 'ניר עם                   '),
(878, 'ניר עציון                '),
(879, 'ניר עקיבא                '),
(880, 'ניר צבי                  '),
(881, 'נירים                    '),
(882, 'נירית                    '),
(883, 'נירן                     '),
(884, 'נמרוד                    '),
(885, 'נס הרים                  '),
(886, 'נס עמים                  '),
(887, 'נס ציונה                 '),
(888, 'נעורים                   '),
(889, 'נעלה                     '),
(890, 'נעמ\"ה                    '),
(891, 'נען                      '),
(892, 'נצאצרה שבט             '),
(893, 'נצר חזני                 '),
(894, 'נצר סרני                 '),
(895, 'נצרת                     '),
(896, 'נצרת עילית               '),
(897, 'נשר                      '),
(898, 'נתיב הגדוד               '),
(899, 'נתיב הל\"ה                '),
(900, 'נתיב העשרה               '),
(901, 'נתיב השיירה              '),
(902, 'נתיבות                   '),
(903, 'נתניה                    '),
(904, 'סאגור                   '),
(905, 'סאסא                     '),
(906, 'סביון                    '),
(907, 'סגולה                    '),
(908, 'סואעד חמרייה           '),
(909, 'סואעד כמאנה שבט      '),
(910, 'סולם                     '),
(911, 'סוסיה                    '),
(912, 'סופה                     '),
(913, 'סחנין                   '),
(914, 'סייד שבט               '),
(915, 'סלמה                     '),
(916, 'סלעית                    '),
(917, 'סמר                      '),
(918, 'סנסנה                    '),
(919, 'סעד                      '),
(920, 'סעוה                     '),
(921, 'סער                      '),
(922, 'ספיר                     '),
(923, 'סתריה                    '),
(924, 'עגר                    '),
(925, 'עבדון                    '),
(926, 'עברון                    '),
(927, 'עגור                     '),
(928, 'עדי                      '),
(929, 'עדנים                    '),
(930, 'עוזה                     '),
(931, 'עוזייר                   '),
(932, 'עולש                     '),
(933, 'עומר                     '),
(934, 'עופר                     '),
(935, 'עופרה                    '),
(936, 'עוצם                     '),
(937, 'עוקבי בנו עוקבה        '),
(938, 'עזוז                     '),
(939, 'עזר                      '),
(940, 'עזריאל                   '),
(941, 'עזריה                    '),
(942, 'עזריקם                   '),
(943, 'עטאוונה שבט            '),
(944, 'עטרת                     '),
(945, 'עידן                     '),
(946, 'עיילבון                  '),
(947, 'עיינות                   '),
(948, 'עילוט                    '),
(949, 'עין איילה                '),
(950, 'עין אל-אסד               '),
(951, 'עין גב                   '),
(952, 'עין גדי                  '),
(953, 'עין דור                  '),
(954, 'עין הבשור                '),
(955, 'עין הוד                  '),
(956, 'עין החורש                '),
(957, 'עין המפרץ                '),
(958, 'עין הנצי\"ב               '),
(959, 'עין העמק                 '),
(960, 'עין השופט                '),
(961, 'עין השלושה               '),
(962, 'עין ורד                  '),
(963, 'עין זיוון                '),
(964, 'עין חוד                  '),
(965, 'עין חצבה                 '),
(966, 'עין חרוד איחוד         '),
(967, 'עין חרוד מאוחד         '),
(968, 'עין יהב                  '),
(969, 'עין יעקב                 '),
(970, 'עין כרם-בי\"ס חקלאי       '),
(971, 'עין כרמל                 '),
(972, 'עין מאהל                 '),
(973, 'עין נקובא                '),
(974, 'עין עירון                '),
(975, 'עין צורים                '),
(976, 'עין קנייא                '),
(977, 'עין ראפה                 '),
(978, 'עין שמר                  '),
(979, 'עין שריד                 '),
(980, 'עין תמר                  '),
(981, 'עינת                     '),
(982, 'עיר אובות                '),
(983, 'עכו                      '),
(984, 'עלומים                   '),
(985, 'עלי                      '),
(986, 'עלי זהב                  '),
(987, 'עלמה                     '),
(988, 'עלמון                    '),
(989, 'עמוקה                    '),
(990, 'עמיחי                    '),
(991, 'עמינדב                   '),
(992, 'עמיעד                    '),
(993, 'עמיעוז                   '),
(994, 'עמיקם                    '),
(995, 'עמיר                     '),
(996, 'עמנואל                   '),
(997, 'עמקה                     '),
(998, 'ענב                      '),
(999, 'עספיא                    '),
(1000, 'עפולה                    '),
(1001, 'עץ אפרים                 '),
(1002, 'עצמון שגב                '),
(1003, 'עראבה                    '),
(1004, 'עראמשה                   '),
(1005, 'ערב אל נעים              '),
(1006, 'ערד                      '),
(1007, 'ערוגות                   '),
(1008, 'ערערה                    '),
(1009, 'ערערה-בנגב               '),
(1010, 'עשרת                     '),
(1011, 'עתלית                    '),
(1012, 'עתניאל                   '),
(1013, 'פארן                     '),
(1014, 'פדואל                    '),
(1015, 'פדויים                   '),
(1016, 'פדיה                     '),
(1017, 'פוריה - כפר עבודה        '),
(1018, 'פוריה - נווה עובד        '),
(1019, 'פוריה עילית              '),
(1020, 'פוריידיס                 '),
(1021, 'פורת                     '),
(1022, 'פטיש                     '),
(1023, 'פלך                      '),
(1024, 'פלמחים                   '),
(1025, 'פני חבר                  '),
(1026, 'פסגות                    '),
(1027, 'פסוטה                    '),
(1028, 'פעמי תש\"ז                '),
(1029, 'פצאל                     '),
(1030, 'פקיעין בוקייעה         '),
(1031, 'פקיעין חדשה              '),
(1032, 'פרדס חנה-כרכור           '),
(1033, 'פרדסיה                   '),
(1034, 'פרוד                     '),
(1035, 'פרזון                    '),
(1036, 'פרי גן                   '),
(1037, 'פתח תקווה                '),
(1038, 'פתחיה                    '),
(1039, 'צאלים                    '),
(1040, 'צביה                     '),
(1041, 'צבעון                    '),
(1042, 'צובה                     '),
(1043, 'צוחר                     '),
(1044, 'צופיה                    '),
(1045, 'צופים                    '),
(1046, 'צופית                    '),
(1047, 'צופר                     '),
(1048, 'צוקי ים                  '),
(1049, 'צוקים                    '),
(1050, 'צור הדסה                 '),
(1051, 'צור יצחק                 '),
(1052, 'צור משה                  '),
(1053, 'צור נתן                  '),
(1054, 'צוריאל                   '),
(1055, 'צורית                    '),
(1056, 'ציפורי                   '),
(1057, 'צלפון                    '),
(1058, 'צנדלה                    '),
(1059, 'צפריה                    '),
(1060, 'צפרירים                  '),
(1061, 'צפת                      '),
(1062, 'צרופה                    '),
(1063, 'צרעה                     '),
(1064, 'קבועה שבט              '),
(1065, 'קבוצת יבנה               '),
(1066, 'קדומים                   '),
(1067, 'קדימה-צורן               '),
(1068, 'קדמה                     '),
(1069, 'קדמת צבי                 '),
(1070, 'קדר                      '),
(1071, 'קדרון                    '),
(1072, 'קדרים                    '),
(1073, 'קודייראת א-צאנעשבט     '),
(1074, 'קוואעין שבט            '),
(1075, 'קוממיות                  '),
(1076, 'קורנית                   '),
(1077, 'קטורה                    '),
(1078, 'קיסריה                   '),
(1079, 'קלחים                    '),
(1080, 'קליה                     '),
(1081, 'קלנסווה                  '),
(1082, 'קלע                      '),
(1083, 'קציר                     '),
(1084, 'קצר א-סר                 '),
(1085, 'קצרין                    '),
(1086, 'קרית אונו                '),
(1087, 'קרית ארבע                '),
(1088, 'קרית אתא                 '),
(1089, 'קרית ביאליק              '),
(1090, 'קרית גת                  '),
(1091, 'קרית טבעון               '),
(1092, 'קרית ים                  '),
(1093, 'קרית יערים               '),
(1094, 'קרית יעריםמוסד         '),
(1095, 'קרית מוצקין              '),
(1096, 'קרית מלאכי               '),
(1097, 'קרית נטפים               '),
(1098, 'קרית ענבים               '),
(1099, 'קרית עקרון               '),
(1100, 'קרית שלמה                '),
(1101, 'קרית שמונה               '),
(1102, 'קרני שומרון              '),
(1103, 'קשת                      '),
(1104, 'ראמה                     '),
(1105, 'ראס אל-עין               '),
(1106, 'ראס עלי                  '),
(1107, 'ראש העין                 '),
(1108, 'ראש פינה                 '),
(1109, 'ראש צורים                '),
(1110, 'ראשון לציון              '),
(1111, 'רבבה                     '),
(1112, 'רבדים                    '),
(1113, 'רביבים                   '),
(1114, 'רביד                     '),
(1115, 'רגבה                     '),
(1116, 'רגבים                    '),
(1117, 'רהט                      '),
(1118, 'רווחה                    '),
(1119, 'רוויה                    '),
(1120, 'רוח מדבר                 '),
(1121, 'רוחמה                    '),
(1122, 'רומאנה                   '),
(1123, 'רומת הייב                '),
(1124, 'רועי                     '),
(1125, 'רותם                     '),
(1126, 'רחוב                     '),
(1127, 'רחובות                   '),
(1128, 'רחלים                    '),
(1129, 'ריחאניה                  '),
(1130, 'ריחן                     '),
(1131, 'ריינה                    '),
(1132, 'רימונים                  '),
(1133, 'רינתיה                   '),
(1134, 'רכסים                    '),
(1135, 'רם-און                   '),
(1136, 'רמות                     '),
(1137, 'רמות השבים               '),
(1138, 'רמות מאיר                '),
(1139, 'רמות מנשה                '),
(1140, 'רמות נפתלי               '),
(1141, 'רמלה                     '),
(1142, 'רמת גן                   '),
(1143, 'רמת דוד                  '),
(1144, 'רמת הכובש                '),
(1145, 'רמת השופט                '),
(1146, 'רמת השרון                '),
(1147, 'רמת יוחנן                '),
(1148, 'רמת ישי                  '),
(1149, 'רמת מגשימים              '),
(1150, 'רמת צבי                  '),
(1151, 'רמת רזיאל                '),
(1152, 'רמת רחל                  '),
(1153, 'רנן                      '),
(1154, 'רעים                     '),
(1155, 'רעננה                    '),
(1156, 'רקפת                     '),
(1157, 'רשפון                    '),
(1158, 'רשפים                    '),
(1159, 'רתמים                    '),
(1160, 'שאר ישוב                 '),
(1161, 'שבי דרום                 '),
(1162, 'שבי ציון                 '),
(1163, 'שבי שומרון               '),
(1164, 'שבלי - אום אל-גנם        '),
(1165, 'שגב-שלום                 '),
(1166, 'שדה אילן                 '),
(1167, 'שדה אליהו                '),
(1168, 'שדה אליעזר               '),
(1169, 'שדה בוקר                 '),
(1170, 'שדה דוד                  '),
(1171, 'שדה ורבורג               '),
(1172, 'שדה יואב                 '),
(1173, 'שדה יעקב                 '),
(1174, 'שדה יצחק                 '),
(1175, 'שדה משה                  '),
(1176, 'שדה נחום                 '),
(1177, 'שדה נחמיה                '),
(1178, 'שדה ניצן                 '),
(1179, 'שדה עוזיהו               '),
(1180, 'שדה צבי                  '),
(1181, 'שדות ים                  '),
(1182, 'שדות מיכה                '),
(1183, 'שדי אברהם                '),
(1184, 'שדי חמד                  '),
(1185, 'שדי תרומות               '),
(1186, 'שדמה                     '),
(1187, 'שדמות דבורה              '),
(1188, 'שדמות מחולה              '),
(1189, 'שדרות                    '),
(1190, 'שואבה                    '),
(1191, 'שובה                     '),
(1192, 'שובל                     '),
(1193, 'שוהם                     '),
(1194, 'שומרה                    '),
(1195, 'שומריה                   '),
(1196, 'שוקדה                    '),
(1197, 'שורש                     '),
(1198, 'שורשים                   '),
(1199, 'שושנת העמקים             '),
(1200, 'שזור                     '),
(1201, 'שחר                      '),
(1202, 'שחרות                    '),
(1203, 'שיבולים                  '),
(1204, 'שיטים                    '),
(1205, 'שייח דנון               '),
(1206, 'שילה                     '),
(1207, 'שילת                     '),
(1208, 'שכניה                    '),
(1209, 'שלווה                    '),
(1210, 'שלווה במדבר              '),
(1211, 'שלוחות                   '),
(1212, 'שלומי                    '),
(1213, 'שלומית                   '),
(1214, 'שמיר                     '),
(1215, 'שמעה                     '),
(1216, 'שמרת                     '),
(1217, 'שמשית                    '),
(1218, 'שני                      '),
(1219, 'שניר                     '),
(1220, 'שעב                      '),
(1221, 'שעורים                   '),
(1222, 'שעל                      '),
(1223, 'שעלבים                   '),
(1224, 'שער אפרים                '),
(1225, 'שער הגולן                '),
(1226, 'שער העמקים               '),
(1227, 'שער מנשה                 '),
(1228, 'שערי תקווה               '),
(1229, 'שפיים                    '),
(1230, 'שפיר                     '),
(1231, 'שפר                      '),
(1232, 'שפרעם                    '),
(1233, 'שקד                      '),
(1234, 'שקף                      '),
(1235, 'שרונה                    '),
(1236, 'שריגים לי-און          '),
(1237, 'שריד                     '),
(1238, 'שרשרת                    '),
(1239, 'שתולה                    '),
(1240, 'שתולים                   '),
(1241, 'תאשור                    '),
(1242, 'תדהר                     '),
(1243, 'תובל                     '),
(1244, 'תומר                     '),
(1245, 'תושיה                    '),
(1246, 'תימורים                  '),
(1247, 'תירוש                    '),
(1248, 'תל אביב - יפו            '),
(1249, 'תל יוסף                  '),
(1250, 'תל יצחק                  '),
(1251, 'תל מונד                  '),
(1252, 'תל עדשים                 '),
(1253, 'תל קציר                  '),
(1254, 'תל שבע                   '),
(1255, 'תל תאומים                '),
(1256, 'תלם                      '),
(1257, 'תלמי אליהו               '),
(1258, 'תלמי אלעזר               '),
(1259, 'תלמי ביל\"ו               '),
(1260, 'תלמי יוסף                '),
(1261, 'תלמי יחיאל               '),
(1262, 'תלמי יפה                 '),
(1263, 'תלמים                    '),
(1264, 'תמרת                     '),
(1265, 'תנובות                   '),
(1266, 'תעוז                     '),
(1267, 'תפרח                     '),
(1268, 'תקומה                    '),
(1269, 'תקוע                     '),
(1270, 'תראבין א-צאנע שבט      '),
(1271, 'תראבין א-צאנעישוב      ');

-- --------------------------------------------------------

--
-- Table structure for table `education`
--

CREATE TABLE `education` (
  `Id_ed` int(11) NOT NULL,
  `educ` varchar(256) NOT NULL
) ENGINE=InnoDB DEFAULT CHARSET=utf8;

--
-- Dumping data for table `education`
--

INSERT INTO `education` (`Id_ed`, `educ`) VALUES
(1, 'בעל תואר ראשון'),
(2, 'בעל תואר שני'),
(3, 'בעל תואר דוקטורט'),
(4, 'בעל תואר הנדסאי'),
(5, 'בעל דיפלומת קורס'),
(6, 'סטודנט');

-- --------------------------------------------------------

--
-- Table structure for table `edu_stud`
--

CREATE TABLE `edu_stud` (
  `id_eds` varchar(9) NOT NULL,
  `num_eds` int(11) NOT NULL
) ENGINE=InnoDB DEFAULT CHARSET=utf8;

--
-- Dumping data for table `edu_stud`
--

INSERT INTO `edu_stud` (`id_eds`, `num_eds`) VALUES
('318280377', 5),
('318283733', 3),
('122222233', 2),
('222266666', 2),
('222263666', 2),
('888899999', 2),
('111111112', 3),
('999998888', 1),
('333344644', 1),
('318289344', 4),
('319290399', 4),
('321492432', 2),
('123456789', 5),
('123456789', 2),
('318384855', 1),
('777777777', 4),
('333333333', 1),
('111111111', 2),
('111111111', 2),
('222222222', 2),
('121212121', 6),
('222223333', 6),
('722222222', 1),
('555555555', 2),
('888888888', 1),
('888888888', 2),
('112222222', 4),
('122222222', 1),
('444444444', 6),
('444444444', 6),
('444444444', 2),
('444444444', 2),
('333333331', 1),
('898989898', 3),
('434343434', 1),
('909090909', 1),
('707070707', 1),
('122222222', 2),
('222222222', 1),
('222222222', 1),
('222222222', 1),
('123456789', 3),
('059968796', 4),
('321492431', 1),
('318280399', 1),
('111111111', 3),
('111111111', 2),
('321492433', 1);

-- --------------------------------------------------------

--
-- Table structure for table `edu_teacher`
--

CREATE TABLE `edu_teacher` (
  `edu_id` varchar(9) NOT NULL,
  `edu_t` int(255) NOT NULL
) ENGINE=InnoDB DEFAULT CHARSET=utf8;

-- --------------------------------------------------------

--
-- Table structure for table `forums_main`
--

CREATE TABLE `forums_main` (
  `id_forum` int(11) NOT NULL,
  `title` varchar(30) NOT NULL,
  `contents` varchar(255) NOT NULL,
  `id_sub` int(11) NOT NULL,
  `user_id` varchar(9) NOT NULL,
  `created` varchar(255) NOT NULL
) ENGINE=InnoDB DEFAULT CHARSET=utf8;

--
-- Dumping data for table `forums_main`
--

INSERT INTO `forums_main` (`id_forum`, `title`, `contents`, `id_sub`, `user_id`, `created`) VALUES
(1, 'הייי', 'אני צריכה עזרה באלגברה ליניארית. איך מחשבים כפל של מטריצות….?                                                     \r\n                                                                                                         \r\n                                ', 1, '318289388', '11-08-2019 11:15:56'),
(2, 'היי', 'רואה?? אבל הטקסט פה הולך שמאלה', 5, '319290399', '12-08-2019 22:02:35'),
(3, 'שלום', 'לא משנה', 3, '123456789', '15-08-2019 09:46:19'),
(4, 'ddd', 'ddd', 1, '123456789', '18-08-2019 19:34:27'),
(5, 'ddd', 'ddd', 1, '123456789', '18-08-2019 19:34:29'),
(6, 'ddd', 'ddd', 1, '123456789', '18-08-2019 19:34:30'),
(7, 'ddd', 'ddd', 1, '123456789', '18-08-2019 19:34:32'),
(8, 'ddd', 'ddd', 1, '123456789', '18-08-2019 19:34:34'),
(9, '111', '11111', 1, '123456789', '18-08-2019 19:35:28'),
(10, 'ddwww', 'ddd', 1, '123456789', '18-08-2019 19:36:12'),
(11, '111', '1111111', 4, '123456789', '18-08-2019 21:54:52'),
(12, '111', '1111111', 4, '123456789', '18-08-2019 21:54:54'),
(13, '111', '1111111', 4, '123456789', '18-08-2019 21:54:56'),
(14, '111', '1111111', 4, '123456789', '18-08-2019 21:54:58'),
(15, '111', '1111111', 4, '123456789', '18-08-2019 21:55:00'),
(16, '111', '1111111', 4, '123456789', '18-08-2019 21:55:02'),
(17, '111', '1111111', 4, '123456789', '18-08-2019 21:55:03'),
(18, '111', '1111111', 4, '123456789', '18-08-2019 21:55:05'),
(19, '111', '1111111', 4, '123456789', '18-08-2019 21:55:06'),
(20, '111', '1111111', 4, '123456789', '18-08-2019 21:55:07'),
(21, 'sad', 'ddssdcsdcd', 1, '321492431', '05-11-2019 08:31:59');

-- --------------------------------------------------------

--
-- Table structure for table `images`
--

CREATE TABLE `images` (
  `id` int(11) NOT NULL,
  `file_name` varchar(255) COLLATE utf8_unicode_ci NOT NULL,
  `uploaded_on` datetime NOT NULL
) ENGINE=InnoDB DEFAULT CHARSET=utf8 COLLATE=utf8_unicode_ci;

-- --------------------------------------------------------

--
-- Table structure for table `likes`
--

CREATE TABLE `likes` (
  `rep_id` int(11) NOT NULL,
  `id_user` int(11) NOT NULL,
  `likes` varchar(11) DEFAULT '0',
  `unlikes` varchar(11) DEFAULT '0'
) ENGINE=InnoDB DEFAULT CHARSET=utf8;

--
-- Dumping data for table `likes`
--

INSERT INTO `likes` (`rep_id`, `id_user`, `likes`, `unlikes`) VALUES
(7, 321492431, '0', '1'),
(6, 321492431, '1', '0'),
(1, 321492431, '0', '1'),
(21, 321492431, '1', '0'),
(1, 321492433, '1', '0');

-- --------------------------------------------------------

--
-- Table structure for table `login`
--

CREATE TABLE `login` (
  `user_id` int(11) NOT NULL,
  `username` varchar(255) NOT NULL,
  `password` varchar(255) NOT NULL
) ENGINE=InnoDB DEFAULT CHARSET=latin1;

-- --------------------------------------------------------

--
-- Table structure for table `login_details`
--

CREATE TABLE `login_details` (
  `login_details_id` int(11) NOT NULL,
  `user_id` int(11) NOT NULL,
  `last_activity` timestamp NOT NULL DEFAULT current_timestamp(),
  `is_type` enum('no','yes') NOT NULL
) ENGINE=InnoDB DEFAULT CHARSET=latin1;

--
-- Dumping data for table `login_details`
--

INSERT INTO `login_details` (`login_details_id`, `user_id`, `last_activity`, `is_type`) VALUES
(4, 111122222, '2019-08-08 20:12:29', 'no'),
(6, 172636122, '2019-08-08 20:16:15', 'no'),
(10, 217374822, '2019-08-08 20:20:21', 'no'),
(32, 319290399, '2019-08-08 21:35:25', 'no'),
(36, 318289388, '2019-08-11 09:58:00', 'no'),
(38, 888899999, '2019-08-11 12:57:26', 'no'),
(39, 321492431, '2019-08-12 08:20:44', 'no'),
(40, 319290399, '2019-08-14 10:55:55', 'no'),
(41, 319290399, '2019-08-14 11:29:59', 'no'),
(42, 319290399, '2019-08-14 11:32:05', 'no'),
(43, 319290399, '2019-08-14 14:34:31', 'no'),
(44, 218283944, '2019-08-14 18:51:32', 'no'),
(45, 218283944, '2019-08-14 18:52:17', 'no'),
(46, 319290399, '2019-08-14 19:11:12', 'no'),
(47, 319290399, '2019-08-14 19:35:29', 'no'),
(48, 123456789, '2019-08-14 21:53:27', 'no'),
(49, 123456789, '2019-08-14 22:30:40', 'no'),
(50, 123456789, '2019-08-15 05:56:56', 'no'),
(51, 123456789, '2019-08-15 07:43:55', 'no'),
(52, 123456787, '2019-08-15 07:49:29', 'no'),
(53, 123456789, '2019-08-19 21:57:08', 'no'),
(54, 123456789, '2019-08-20 21:41:00', 'no'),
(55, 123456789, '2019-11-03 00:08:58', 'no'),
(56, 321492431, '2019-11-04 20:20:47', 'no'),
(57, 321492431, '2019-11-05 07:27:33', 'no'),
(58, 321492431, '2020-01-25 17:01:15', 'no'),
(59, 321492433, '2020-01-25 17:04:01', 'no'),
(60, 321492431, '2020-01-25 17:14:37', 'no'),
(61, 321492433, '2020-01-25 17:22:49', 'no'),
(62, 321492433, '2020-01-25 17:47:07', 'no'),
(63, 321492431, '2020-01-25 17:53:55', 'no'),
(64, 321492433, '2020-01-25 17:54:20', 'no'),
(65, 321492431, '2020-01-25 17:55:07', 'no'),
(66, 321492431, '2020-01-25 18:15:43', 'no'),
(67, 321492433, '2020-01-25 18:16:01', 'no'),
(68, 321492431, '2020-01-25 18:40:14', 'no'),
(69, 321492433, '2020-01-25 18:40:38', 'no'),
(70, 321492431, '2020-01-25 18:41:37', 'no'),
(71, 321492433, '2020-01-25 18:45:16', 'no'),
(72, 321492433, '2020-01-26 20:41:35', 'no'),
(73, 321492431, '2020-01-26 20:42:04', 'no');

-- --------------------------------------------------------

--
-- Table structure for table `manager`
--

CREATE TABLE `manager` (
  `ID_MANAGER` varchar(9) NOT NULL,
  `PASSWORD` varchar(255) NOT NULL,
  `BlockAdmin` varchar(1) NOT NULL DEFAULT '0',
  `Mail` varchar(255) NOT NULL,
  `date` date NOT NULL DEFAULT current_timestamp()
) ENGINE=InnoDB DEFAULT CHARSET=utf8;

--
-- Dumping data for table `manager`
--

INSERT INTO `manager` (`ID_MANAGER`, `PASSWORD`, `BlockAdmin`, `Mail`, `date`) VALUES
('123451234', '$2y$10$kN2zrzokmVex9Efy5tUHz.fQ7H0GBoDaKvlJO8/IsxaCAUmT.dGQa', '0', 'ala2_kh@hotmail.com', '0000-00-00');

-- --------------------------------------------------------

--
-- Table structure for table `polls`
--

CREATE TABLE `polls` (
  `id` int(11) NOT NULL,
  `subject` varchar(255) COLLATE utf8_unicode_ci NOT NULL,
  `created` datetime NOT NULL
) ENGINE=InnoDB DEFAULT CHARSET=utf8 COLLATE=utf8_unicode_ci;

--
-- Dumping data for table `polls`
--

INSERT INTO `polls` (`id`, `subject`, `created`) VALUES
(1, '?נשמח לדעת האם הפורום עזר לכם', '2019-08-21 13:05:28');

-- --------------------------------------------------------

--
-- Table structure for table `poll_options`
--

CREATE TABLE `poll_options` (
  `id` int(11) NOT NULL,
  `poll_id` int(11) NOT NULL,
  `name` varchar(255) COLLATE utf8_unicode_ci NOT NULL,
  `created` datetime NOT NULL
) ENGINE=InnoDB DEFAULT CHARSET=utf8 COLLATE=utf8_unicode_ci;

--
-- Dumping data for table `poll_options`
--

INSERT INTO `poll_options` (`id`, `poll_id`, `name`, `created`) VALUES
(1, 1, 'עזר לי מאוד', '2019-08-21 13:10:43'),
(2, 1, 'עזר לי במידה מועטה', '2019-08-21 13:10:43'),
(3, 1, 'לא עזר לי בכלל', '2019-08-21 13:10:43');

-- --------------------------------------------------------

--
-- Table structure for table `poll_votes`
--

CREATE TABLE `poll_votes` (
  `id` int(11) NOT NULL,
  `poll_id` int(11) NOT NULL,
  `poll_option_id` int(11) NOT NULL,
  `vote_count` bigint(10) NOT NULL
) ENGINE=InnoDB DEFAULT CHARSET=utf8 COLLATE=utf8_unicode_ci;

--
-- Dumping data for table `poll_votes`
--

INSERT INTO `poll_votes` (`id`, `poll_id`, `poll_option_id`, `vote_count`) VALUES
(1, 1, 1, 1),
(2, 1, 1, 1),
(3, 1, 1, 1),
(4, 1, 3, 1),
(5, 1, 3, 1),
(6, 1, 3, 1),
(7, 1, 3, 1),
(8, 1, 3, 1),
(9, 1, 3, 1),
(10, 1, 1, 1),
(11, 1, 1, 1),
(12, 1, 1, 1),
(13, 1, 1, 1),
(14, 1, 2, 1),
(15, 1, 2, 1),
(16, 1, 2, 1),
(17, 1, 1, 1),
(18, 1, 1, 1);

-- --------------------------------------------------------

--
-- Table structure for table `repleis`
--

CREATE TABLE `repleis` (
  `rep_id` int(11) NOT NULL,
  `conteants` text NOT NULL,
  `user_id` varchar(9) NOT NULL,
  `id_fourms` int(11) NOT NULL,
  `created` varchar(255) NOT NULL
) ENGINE=InnoDB DEFAULT CHARSET=utf8;

--
-- Dumping data for table `repleis`
--

INSERT INTO `repleis` (`rep_id`, `conteants`, `user_id`, `id_fourms`, `created`) VALUES
(1, 'שלום על מנת לחשב כפל מטריצות את צריכה לקחת שורה כפול עמודה בהתאמה משמאל לימין. לקביעת שיעור פרטי תוכלי למצוא את פרטי בתגובה זו.', '111122222', 1, '11-08-2019 11:17:56'),
(2, 'דדדד', '999999999', 1, '12-08-2019 22:03:24'),
(3, 'czvz', '218283944', 2, '12-08-2019 22:36:39'),
(4, '', '999999999', 2, '12-08-2019 23:46:34'),
(5, 'היי בבב', '222222222', 2, '14-08-2019 21:41:24'),
(6, 'sss', '222222222', 1, '14-08-2019 21:50:20'),
(7, 'dcsdvs', '321492431', 3, '04-11-2019 21:38:19'),
(8, 'גדבגדבדגבדגבגב!!!', '321492431', 1, '05-11-2019 09:42:22'),
(9, 'קקק', '111111111', 1, '05-11-2019 09:44:38'),
(10, 'יויויוןוי', '111111111', 1, '05-11-2019 09:46:49'),
(11, 'dddd\'', '111111111', 1, '05-11-2019 09:47:15'),
(12, '\'gg', '111111111', 1, '05-11-2019 09:47:21'),
(13, '\'\'\'\'\'\'\'\'\'\'\'\'\'', '111111111', 1, '05-11-2019 09:47:30'),
(14, '\'\'\'', '111111111', 1, '05-11-2019 09:47:37'),
(15, '\'\'\'\'', '111111111', 1, '05-11-2019 09:47:46'),
(16, 'fdsafsadfdasfdsafdsafdsafasdfsadfsadfdsafsadfdsafsdafdsafsadfsdafdsafasdfdsafdsafdsafasdfdas', '111111111', 1, '05-11-2019 09:48:37'),
(17, 'kkkkkkkkkkkkkkkkkkkkkkkkkkkkkkkkkkkkkkkkkkkkkkkkkkkkkkk', '111111111', 1, '05-11-2019 09:51:34'),
(18, '\"גכ\"', '111111111', 1, '05-11-2019 10:00:28'),
(19, '\"\"כ\"\"', '111111111', 1, '05-11-2019 10:00:55'),
(20, 'ינלחי', '111111111', 1, '05-11-2019 10:05:03'),
(21, 'vhvhvhvh', '321492431', 5, '25-01-2020 18:01:36'),
(22, 'דגבדשבד', '321492431', 1, '25-01-2020 18:53:04');

-- --------------------------------------------------------

--
-- Table structure for table `students`
--

CREATE TABLE `students` (
  `firstnames` varchar(256) NOT NULL,
  `lastnames` varchar(256) NOT NULL,
  `id_students` varchar(9) NOT NULL,
  `phones` varchar(10) NOT NULL,
  `emails` varchar(256) NOT NULL,
  `passwords` varchar(255) NOT NULL,
  `BlockStudent` varchar(1) NOT NULL DEFAULT '0',
  `date1` date NOT NULL DEFAULT current_timestamp()
) ENGINE=InnoDB DEFAULT CHARSET=utf8;

--
-- Dumping data for table `students`
--

INSERT INTO `students` (`firstnames`, `lastnames`, `id_students`, `phones`, `emails`, `passwords`, `BlockStudent`, `date1`) VALUES
('dsada', 'adffsfsd', '059968796', '0542222222', 'ala2_kh@hotmail.com', '$2y$10$PYor4FsuF4.JxScLQGp8leyzWxn/P5.FWzBHo7Dq.SQR8VfedLLLO', '0', '2019-11-04'),
('shirin', 'khoury', '111111111', '0542222222', 'ahhrh@pwpw.com', '$2y$10$2HcKkgpTUNWxsXxOXFVzEeODR/.k1rpisg9N7YNOvOa3RGPtIBWW6', '0', '2019-11-04'),
('shirin', 'ssssssssssa', '122222222', '0545369099', 'ahhrh@pwpw.com', '', '0', '0000-00-00'),
('anna', 'liz', '123456789', '0545369099', 'ahhrh@pwpw.com', '$2y$10$mabCo8d/lyxTTJwpfeNC8.OauQ5bZ3ak1hST8rbbn/cdZlzdKcWMO', '0', '0000-00-00'),
('shirin', 'khoury', '222222222', '0545369099', 'ahhrh@pwpw.com', '$2y$10$uwRO/PKlFcC/XRhEQyL/9urXxA3w1HVgk7koNUPyNOL/2ByeokZsq', '0', '0000-00-00'),
('shirin', 'khoury', '321492431', '0545369094', 'ala2_kh@hotmail.com', '$2y$10$1nEEMTdMOq4CIa/EODs0le0Ah/TSEjlTE.tFYXsM.i7qt5.lERqTK', '0', '2019-11-05'),
('shirin', 'khoury', '321492433', '0545369094', 'ahrhijurh@walla.co.il', '$2y$10$ze/yi/b51rzpVt5jsgTzuum37NPMMjmcHTn7Ok4D6b05TbP8WAbBq', '0', '2020-01-25');

-- --------------------------------------------------------

--
-- Table structure for table `sub`
--

CREATE TABLE `sub` (
  `id_sub` int(11) NOT NULL,
  `name_sub` varchar(256) NOT NULL
) ENGINE=InnoDB DEFAULT CHARSET=utf8;

--
-- Dumping data for table `sub`
--

INSERT INTO `sub` (`id_sub`, `name_sub`) VALUES
(1, 'אלגברה ליניארית'),
(3, 'אסמבלר'),
(4, 'אקסל'),
(5, 'בוליאנית'),
(6, 'בסיסי נתונים'),
(7, 'גאווה'),
(8, 'גרפיקה ממוחשבת'),
(9, 'מבנה מחשבים'),
(11, 'מיקרו מחשבים'),
(12, 'מערכות הפעלה'),
(13, 'מערכות ספרתיות'),
(14, 'C מתקדם'),
(15, 'סטטיסטיקה'),
(16, 'פייתון'),
(17, 'פיתוח אפליקציות גאווה'),
(18, 'תחזוקת מחשבים'),
(19, 'תקשורת'),
(20, 'C#'),
(22, 'Unix'),
(23, 'web'),
(24, 'php'),
(25, 'C'),
(26, 'מבנה נתונים'),
(27, 'אנגלית טכנית');

-- --------------------------------------------------------

--
-- Table structure for table `subject`
--

CREATE TABLE `subject` (
  `subject_id` varchar(9) NOT NULL,
  `sub` int(11) NOT NULL
) ENGINE=InnoDB DEFAULT CHARSET=utf8;

-- --------------------------------------------------------

--
-- Table structure for table `subjectstudent`
--

CREATE TABLE `subjectstudent` (
  `subject_ids` varchar(9) NOT NULL,
  `sub` int(11) NOT NULL
) ENGINE=InnoDB DEFAULT CHARSET=utf8;

--
-- Dumping data for table `subjectstudent`
--

INSERT INTO `subjectstudent` (`subject_ids`, `sub`) VALUES
('123456789', 3),
('123456789', 1),
('318384855', 1),
('318384855', 3),
('318384855', 4),
('318384855', 5),
('318384855', 6),
('318384855', 7),
('318384855', 8),
('318384855', 9),
('318384855', 11),
('318384855', 12),
('318384855', 13),
('318384855', 14),
('318384855', 15),
('777777777', 3),
('333333333', 1),
('111111111', 1),
('111111111', 1),
('222222222', 9),
('121212121', 4),
('222223333', 1),
('722222222', 3),
('555555555', 3),
('888888888', 3),
('888888888', 4),
('888888888', 3),
('112222222', 3),
('122222222', 1),
('444444444', 1),
('444444444', 1),
('444444444', 1),
('444444444', 1),
('333333331', 3),
('898989898', 1),
('434343434', 3),
('909090909', 3),
('707070707', 1),
('122222222', 3),
('222222222', 1),
('222222222', 3),
('222222222', 1),
('123456789', 1),
('123456789', 3),
('123456789', 4),
('123456789', 5),
('123456789', 6),
('123456789', 7),
('123456789', 8),
('123456789', 9),
('123456789', 11),
('123456789', 12),
('123456789', 13),
('123456789', 14),
('123456789', 15),
('123456789', 16),
('123456789', 17),
('123456789', 18),
('123456789', 19),
('123456789', 20),
('123456789', 22),
('123456789', 23),
('123456789', 24),
('123456789', 25),
('123456789', 26),
('123456789', 27),
('059968796', 1),
('059968796', 3),
('321492431', 3),
('318280399', 1),
('111111111', 1),
('111111111', 1),
('321492433', 1);

-- --------------------------------------------------------

--
-- Table structure for table `teachers`
--

CREATE TABLE `teachers` (
  `firstnamet` varchar(256) NOT NULL,
  `lastnamet` varchar(256) NOT NULL,
  `id_teachers` varchar(9) NOT NULL,
  `phonet` varchar(10) NOT NULL,
  `mailt` varchar(256) NOT NULL,
  `price` int(11) NOT NULL,
  `passwordt` varchar(255) NOT NULL,
  `about` varchar(255) DEFAULT NULL,
  `Block` varchar(1) NOT NULL DEFAULT '0',
  `date1` date NOT NULL DEFAULT current_timestamp()
) ENGINE=InnoDB DEFAULT CHARSET=utf8;

--
-- Dumping data for table `teachers`
--

INSERT INTO `teachers` (`firstnamet`, `lastnamet`, `id_teachers`, `phonet`, `mailt`, `price`, `passwordt`, `about`, `Block`, `date1`) VALUES
('ben', 'dahan', '111111111', '0543215789', 'ahrhijurh@walla.com', 144, '$2y$10$zG41l9WIFNsblP.ze8ym4uFWN12ZWpox/.WR1sGU6nlOyY9aN9QvC', '', '0', '2019-11-05'),
('noy', 'biton', '121212121', '0223334445', 'ala2_kh@hotmail.com', 170, '$2y$10$EoJZDugXYigCfNRclvCs7exJTjBZTk1Yd23fd4Qh9GPHkP2aHMa12', '', '0', '2019-11-04'),
('wow', 'swn', '122223332', '0543215789', 'ala2_kh@hotmail.com', 123, '$2y$10$E698cKSzjJHem9Va5gzQjOR7VN8Dnl/7Kb6gWvEWH/zO/fysksZ3C', NULL, '0', '0000-00-00'),
('maor', 'monov', '123412341', '0543215789', 'maor@walla.co.il', 112, '$2y$10$DRCqf36HkcxHW/4648.TK.n32ho.BUN02.kIddxI73mPFXdpdRolu', NULL, '0', '0000-00-00'),
('wow', 'aa', '123451234', '0543215789', 'ahrhijurh@walla.com', 123, '$2y$10$cTX3uDa0QAt1rdzOMPV7je0nZwc75TquVchGHdnVmEj2onjwId4XW', 'היי קוראים לי אנטון ואני מרצה להנדסאים בתחומים שונים. אחד מהקורסים שאני מלמד זה PYTHON .', '0', '2020-01-26'),
('wow', 'dn', '123456789', '0543215789', 'ala2_kh@hotmail.com', 123, '$2y$10$JNyL4UNfgEa7DEK0XVPa4OHUx1XfCGMyz8ahm0UNN8As0DrG8qCY2', NULL, '0', '0000-00-00'),
('wow', 'aa', '318280312', '0543215789', 'ahrhijurh@walla.co.il', 12, '$2y$10$1f1uyodUuEp7tVARyZ9DP.iWtPIhoZGNyHp5N6whFOuoxjV0K1LS.', NULL, '0', '2019-11-04'),
('wala', 'khoury', '318288388', '0545369012', 'ala2_kh@hotmail.com', 12, '$2y$10$dyq069e0mMqK7jLAHwJGjem20sJIWB51KXjO.dGZwXFH/I4JZQequ', '', '0', '2019-08-28'),
('alaa', 'khou', '319290399', '0545369093', 'ala2_kh@hotmail.com', 12, '$2y$10$pRKR//hoUjI13DS8sQYP4.p0pJ1PrkjiDxwmg8DjODW8iuU.bNIn6', NULL, '0', '0000-00-00'),
('shiri', 'cccs', '321492431', '0543215789', 'ahrhijurh@walla.co.Il', 123, '$2y$10$5xQjpi5R5wrN1UDD5BAWmexLWIAZ4zyXUHWv8Hu9SGEdbXaig4ixG', '', '0', '2019-11-05'),
('wow', 'gfgfd', '372343433', '0535201546', 'ala2_kh@hotmail.com', 12, '$2y$10$UmRGS6tKx6jkd2eREtFaMuVD5tmIDU5xP7TEs0obLuDbBomjp/gG6', NULL, '0', '0000-00-00');

--
-- Indexes for dumped tables
--

--
-- Indexes for table `backup`
--
ALTER TABLE `backup`
  ADD PRIMARY KEY (`WEB`);

--
-- Indexes for table `chat_message`
--
ALTER TABLE `chat_message`
  ADD PRIMARY KEY (`chat_message_id`);

--
-- Indexes for table `city`
--
ALTER TABLE `city`
  ADD PRIMARY KEY (`id_c`);

--
-- Indexes for table `forums_main`
--
ALTER TABLE `forums_main`
  ADD PRIMARY KEY (`id_forum`);

--
-- Indexes for table `images`
--
ALTER TABLE `images`
  ADD PRIMARY KEY (`id`);

--
-- Indexes for table `login`
--
ALTER TABLE `login`
  ADD PRIMARY KEY (`user_id`);

--
-- Indexes for table `login_details`
--
ALTER TABLE `login_details`
  ADD PRIMARY KEY (`login_details_id`);

--
-- Indexes for table `manager`
--
ALTER TABLE `manager`
  ADD PRIMARY KEY (`ID_MANAGER`);

--
-- Indexes for table `polls`
--
ALTER TABLE `polls`
  ADD PRIMARY KEY (`id`);

--
-- Indexes for table `poll_options`
--
ALTER TABLE `poll_options`
  ADD PRIMARY KEY (`id`),
  ADD KEY `poll_id` (`poll_id`);

--
-- Indexes for table `poll_votes`
--
ALTER TABLE `poll_votes`
  ADD PRIMARY KEY (`id`),
  ADD KEY `poll_id` (`poll_id`),
  ADD KEY `poll_option_id` (`poll_option_id`);

--
-- Indexes for table `repleis`
--
ALTER TABLE `repleis`
  ADD PRIMARY KEY (`rep_id`);

--
-- Indexes for table `students`
--
ALTER TABLE `students`
  ADD PRIMARY KEY (`id_students`);

--
-- Indexes for table `teachers`
--
ALTER TABLE `teachers`
  ADD PRIMARY KEY (`id_teachers`);

--
-- AUTO_INCREMENT for dumped tables
--

--
-- AUTO_INCREMENT for table `chat_message`
--
ALTER TABLE `chat_message`
  MODIFY `chat_message_id` int(11) NOT NULL AUTO_INCREMENT, AUTO_INCREMENT=21;

--
-- AUTO_INCREMENT for table `city`
--
ALTER TABLE `city`
  MODIFY `id_c` int(11) NOT NULL AUTO_INCREMENT, AUTO_INCREMENT=1272;

--
-- AUTO_INCREMENT for table `images`
--
ALTER TABLE `images`
  MODIFY `id` int(11) NOT NULL AUTO_INCREMENT;

--
-- AUTO_INCREMENT for table `login`
--
ALTER TABLE `login`
  MODIFY `user_id` int(11) NOT NULL AUTO_INCREMENT;

--
-- AUTO_INCREMENT for table `login_details`
--
ALTER TABLE `login_details`
  MODIFY `login_details_id` int(11) NOT NULL AUTO_INCREMENT, AUTO_INCREMENT=74;

--
-- AUTO_INCREMENT for table `polls`
--
ALTER TABLE `polls`
  MODIFY `id` int(11) NOT NULL AUTO_INCREMENT, AUTO_INCREMENT=2;

--
-- AUTO_INCREMENT for table `poll_options`
--
ALTER TABLE `poll_options`
  MODIFY `id` int(11) NOT NULL AUTO_INCREMENT, AUTO_INCREMENT=4;

--
-- AUTO_INCREMENT for table `poll_votes`
--
ALTER TABLE `poll_votes`
  MODIFY `id` int(11) NOT NULL AUTO_INCREMENT, AUTO_INCREMENT=19;

--
-- AUTO_INCREMENT for table `repleis`
--
ALTER TABLE `repleis`
  MODIFY `rep_id` int(11) NOT NULL AUTO_INCREMENT, AUTO_INCREMENT=23;

--
-- Constraints for dumped tables
--

--
-- Constraints for table `poll_options`
--
ALTER TABLE `poll_options`
  ADD CONSTRAINT `poll_options_ibfk_1` FOREIGN KEY (`poll_id`) REFERENCES `polls` (`id`) ON DELETE CASCADE ON UPDATE NO ACTION;

--
-- Constraints for table `poll_votes`
--
ALTER TABLE `poll_votes`
  ADD CONSTRAINT `poll_votes_ibfk_1` FOREIGN KEY (`poll_id`) REFERENCES `polls` (`id`) ON DELETE CASCADE ON UPDATE NO ACTION,
  ADD CONSTRAINT `poll_votes_ibfk_2` FOREIGN KEY (`poll_option_id`) REFERENCES `poll_options` (`id`) ON DELETE CASCADE ON UPDATE NO ACTION;
COMMIT;

/*!40101 SET CHARACTER_SET_CLIENT=@OLD_CHARACTER_SET_CLIENT */;
/*!40101 SET CHARACTER_SET_RESULTS=@OLD_CHARACTER_SET_RESULTS */;
/*!40101 SET COLLATION_CONNECTION=@OLD_COLLATION_CONNECTION */;
